-- phpMyAdmin SQL Dump
-- version 4.0.10.10
-- http://www.phpmyadmin.net
--
-- Host: localhost
-- Generation Time: Oct 12, 2015 at 03:37 PM
-- Server version: 5.1.73
-- PHP Version: 5.3.3

SET SQL_MODE = "NO_AUTO_VALUE_ON_ZERO";
SET time_zone = "+00:00";


/*!40101 SET @OLD_CHARACTER_SET_CLIENT=@@CHARACTER_SET_CLIENT */;
/*!40101 SET @OLD_CHARACTER_SET_RESULTS=@@CHARACTER_SET_RESULTS */;
/*!40101 SET @OLD_COLLATION_CONNECTION=@@COLLATION_CONNECTION */;
/*!40101 SET NAMES utf8 */;

--
-- Database: `AdFlyerDB`
--

CREATE DATABASE test;

use test;

-- --------------------------------------------------------

--
-- Table structure for table `AdEvent`
--

DROP TABLE IF EXISTS `AdEvent`;
CREATE TABLE IF NOT EXISTS `AdEvent` (
  `EventCode` varchar(15) COLLATE latin1_general_ci NOT NULL,
  `Name` varchar(50) COLLATE latin1_general_ci NOT NULL,
  `StartDate` varchar(11) COLLATE latin1_general_ci NOT NULL,
  `EndDate` varchar(11) COLLATE latin1_general_ci NOT NULL,
  `Description` varchar(50) COLLATE latin1_general_ci NOT NULL,
  `AdType` varchar(20) COLLATE latin1_general_ci NOT NULL,
  PRIMARY KEY (`EventCode`)
) ENGINE=MyISAM DEFAULT CHARSET=latin1 COLLATE=latin1_general_ci;

--
-- Dumping data for table `AdEvent`
--

INSERT INTO `AdEvent` (`EventCode`, `Name`, `StartDate`, `EndDate`, `Description`, `AdType`) VALUES
('PL06262015A', '2015 July Promotional Planner', '2015-06-26', '2015-07-28', '2015 July Promotional Planner', 'Planner'),
('PL07292015A', '2015 August Promotional Planner', '2015-07-29', '2015-08-27', '2015 August Promotional Planner', 'Planner'),
('CIR06092015A', 'June 6.9.15 Circular', '2015-06-09', '2015-06-15', 'June 6.9.15 Circular', 'Circular'),
('CIR06292015A', 'July 6.29.15 Circular', '2015-06-29', '2015-07-05', 'July 6.29.15 Circular', 'Circular'),
('PAS07062015A', 'July 7.6.15 Passout', '2015-07-06', '2015-07-29', 'July 7.6.15 Passout', 'PassOut'),
('PAS07062015B', 'Christmas in July Passout', '2015-07-06', '2015-07-29', 'Special Passout', ''),
('CIR07142015A', 'July 7.14.15 Circular', '2015-07-14', '2015-07-20', 'July 7.14.15 Circular', 'Circular'),
('CIR07302015A', 'August 7.30.15 Circular', '2015-07-30', '2015-08-08', 'August 7.30.15 Circular', 'Circular'),
('PAS08092015A', 'August 8.9.15 Passout', '2015-08-09', '2015-08-27', 'August 8.9.15 Passout', 'PassOut'),
('CIR08182015A', 'August 8.18.15 Circular', '2015-08-18', '2015-08-24', 'August 8.18.15 Circular', 'Circular');

-- --------------------------------------------------------

--
-- Table structure for table `AdEventPromotion`
--

DROP TABLE IF EXISTS `AdEventPromotion`;
CREATE TABLE IF NOT EXISTS `AdEventPromotion` (
  `ID` int(5) NOT NULL AUTO_INCREMENT,
  `EventCode` varchar(15) COLLATE latin1_general_ci NOT NULL,
  `PromoCode` int(5) NOT NULL,
  `Notes` varchar(50) COLLATE latin1_general_ci NOT NULL,
  PRIMARY KEY (`ID`)
) ENGINE=MyISAM  DEFAULT CHARSET=latin1 COLLATE=latin1_general_ci AUTO_INCREMENT=7 ;

--
-- Dumping data for table `AdEventPromotion`
--

INSERT INTO `AdEventPromotion` (`ID`, `EventCode`, `PromoCode`, `Notes`) VALUES
(1, 'PAS07062015A', 103, ''),
(2, 'PAS07062015A', 104, ''),
(3, 'PAS07062015B', 100, ''),
(4, 'PAS07062015B', 105, ''),
(5, 'CIR07142015A', 102, ''),
(6, 'CIR07302015A', 101, '');

-- --------------------------------------------------------

--
-- Table structure for table `Item`
--

DROP TABLE IF EXISTS `Item`;
CREATE TABLE IF NOT EXISTS `Item` (
  `ItemNumber` varchar(7) COLLATE latin1_general_ci NOT NULL,
  `ItemDescription` varchar(50) COLLATE latin1_general_ci NOT NULL,
  `Category` varchar(30) COLLATE latin1_general_ci NOT NULL,
  `DepartmentName` varchar(20) COLLATE latin1_general_ci NOT NULL,
  `PurchaseCost` varchar(10) COLLATE latin1_general_ci NOT NULL,
  `FullRetailPrice` varchar(10) COLLATE latin1_general_ci NOT NULL,
  PRIMARY KEY (`ItemNumber`)
) ENGINE=MyISAM DEFAULT CHARSET=latin1 COLLATE=latin1_general_ci;

--
-- Dumping data for table `Item`
--

INSERT INTO `Item` (`ItemNumber`, `ItemDescription`, `Category`, `DepartmentName`, `PurchaseCost`, `FullRetailPrice`) VALUES
('403252', 'MENS BB METAL LOOP BELT BRWN XL', 'ACCESSORIES/FOOTWEAR', 'ACCESSORIES', '3.12', '8.96'),
('403586', 'HO MENS BELT TWIST RVRSBL BLK BRWN SZ 36', 'ACCESSORIES/FOOTWEAR', 'ACCESSORIES', '4.74', '13.60'),
('403594', 'HO MENS BELT CUT EDGE BLK SZ 40', 'ACCESSORIES/FOOTWEAR', 'ACCESSORIES', '4.55', '13.04'),
('403600', 'HO MENS BELT DOUBLE STITCH BLK SZ 40', 'ACCESSORIES/FOOTWEAR', 'ACCESSORIES', '4.85', '13.92'),
('403579', 'HO MENS BELT DOUBLE PERF BLK SZ 34', 'ACCESSORIES/FOOTWEAR', 'ACCESSORIES', '3.99', '11.44'),
('403587', 'HO MENS BELT TWIST REVRSBL BLK BRN SZ 38', 'ACCESSORIES/FOOTWEAR', 'ACCESSORIES', '5.11', '14.64'),
('403591', 'HO MENS BELT CUT EDGE BLK SZ 34', 'ACCESSORIES/FOOTWEAR', 'ACCESSORIES', '3.91', '11.20'),
('600043', 'CONAIR HALF INCH CURLING IRON', 'ACCESSORIES/FOOTWEAR', 'ACCESSORIES', '13.34', '20.04'),
('483803', 'MEN BUGLEBOY REV BLT BLKBRN XL', 'ACCESSORIES/FOOTWEAR', 'ACCESSORIES', '3.99', '7.15'),
('483808', 'MEN BUGLEBOY PRFORTE BELT BK S', 'ACCESSORIES/FOOTWEAR', 'ACCESSORIES', '4.35', '12.48'),
('800018', 'MC LADIES BUTTERFLY PLUSH SLIPPER 6 10', 'ACCESSORIES/FOOTWEAR', 'FOOTWEAR', '3.89', '3.96'),
('800046', 'MIX CO LADIES CUTOUT OXFORD SZ6 10', 'ACCESSORIES/FOOTWEAR', 'FOOTWEAR', '6.97', '7.24'),
('802247', 'DO NOT USE CI  FLEECE BOOT SLIPPER 3 10', 'ACCESSORIES/FOOTWEAR', 'FOOTWEAR', '4.51', '9.85'),
('800051', 'EM EMBELLISHED ZORIE FLIP FLOP GIRL 11 3', 'ACCESSORIES/FOOTWEAR', 'FOOTWEAR', '1.90', '2.72'),
('802274', 'KIDGETS GORED CANVAS 5 TO 10', 'ACCESSORIES/FOOTWEAR', 'FOOTWEAR', '4.59', '5.94'),
('800074', 'LADIES FOOT ROLL UPZ BLACK SMALL', 'ACCESSORIES/FOOTWEAR', 'FOOTWEAR', '4.11', '8.22'),
('800023', 'HO MENS SCUFF W SHERPA ONE SIZE', 'ACCESSORIES/FOOTWEAR', 'FOOTWEAR', '4.61', '6.30'),
('802296', 'KIDGETS LIGHTED JELLY CLOGS 5 10', 'ACCESSORIES/FOOTWEAR', 'FOOTWEAR', '4.61', '6.76'),
('800103', 'DONOTUSEM JEWELED BOW POSTED SLING FUNPK', 'ACCESSORIES/FOOTWEAR', 'FOOTWEAR', '3.03', '7.00'),
('800031', 'KIDGETS INFANT TOPSIDER', 'ACCESSORIES/FOOTWEAR', 'FOOTWEAR', '4.96', '5.13'),
('300226', 'HANES BOYS PERFORM BOXER BRIEF L 3PK', 'BASIC APPAREL', 'CHILDRENS BASICS', '8.14', '14.40'),
('300227', 'HANES BOYS PERFORM BOXER BRIEF M 3PK', 'BASIC APPAREL', 'CHILDRENS BASICS', '5.98', '10.58'),
('300251', 'GILDAN BOYS CREW TEE SZ L 3PK', 'BASIC APPAREL', 'CHILDRENS BASICS', '7.18', '9.70'),
('303189', 'HANES BOYS TANK WHITE SZ L 3PK', 'BASIC APPAREL', 'CHILDRENS BASICS', '3.96', '6.54'),
('303192', 'HANES BOYS TANK WHITE SZ S 3PK', 'BASIC APPAREL', 'CHILDRENS BASICS', '5.95', '9.84'),
('303196', 'HANES BOYS BOXER BRIEF ASRTD SZ S 3PK', 'BASIC APPAREL', 'CHILDRENS BASICS', '6.74', '11.93'),
('396029', 'TMNT BOYS UNDERWEAR SZ 2T3T 3PK', 'BASIC APPAREL', 'CHILDRENS BASICS', '5.05', '8.68'),
('396401', 'HANES BOYS ASHIRT LG 3PK', 'BASIC APPAREL', 'CHILDRENS BASICS', '4.80', '10.02'),
('700104', 'HO BOYS ANKLE SOCK BLK WHT SZ 3TO9 3PR', 'BASIC APPAREL', 'CHILDRENS BASICS', '1.78', '4.26'),
('700329', 'HANES BYS BLK CREW SOCK SZ M 6PK', 'BASIC APPAREL', 'CHILDRENS BASICS', '3.23', '4.85'),
('700079', 'JB LADIES NO SHOW SOCK SZ 4TO10.5 4PR', 'BASIC APPAREL', 'LADIES BASICS', '2.01', '4.69'),
('700080', 'BB LADIES PLUS RIB ANKLET 3PR', 'BASIC APPAREL', 'LADIES BASICS', '1.62', '2.59'),
('700206', 'MC LADIES BOXED COZY SOCK 3PR', 'BASIC APPAREL', 'LADIES BASICS', '4.48', '6.58'),
('700207', 'MC LADIES BOXED COZY NON SKID SOCKS 3PR', 'BASIC APPAREL', 'LADIES BASICS', '3.24', '4.20'),
('700212', 'MC LDS FAIRYLE KNIT CREW W POM SOCK 1PR', 'BASIC APPAREL', 'LADIES BASICS', '2.40', '3.20'),
('700209', 'MC LDS MISSY MJ SLIPPERS 9 TO 11', 'BASIC APPAREL', 'LADIES BASICS', '1.40', '2.50'),
('700241', 'LEGGS US COFFEE REGULAR  XLT 1PR', 'BASIC APPAREL', 'LADIES BASICS', '1.12', '1.77'),
('700243', 'LEGGS US OFF BLK REGULAR  MT 1PR', 'BASIC APPAREL', 'LADIES BASICS', '0.77', '1.22'),
('700251', 'LEGGS DS SUNTAN KNEE HIGH  OS 2PR', 'BASIC APPAREL', 'LADIES BASICS', '1.38', '1.88'),
('700235', 'MC LADIES WARM TIGHT BROWN', 'BASIC APPAREL', 'LADIES BASICS', '3.98', '5.97'),
('400300', 'HANES MENS SPORT BOXER BRIEF XL 2PK', 'BASIC APPAREL', 'MENS BASIC', '7.46', '12.53'),
('400419', 'HANES MENS TANK WHITE SZ L 4PK', 'BASIC APPAREL', 'MENS BASIC', '8.16', '16.75'),
('400414', 'HANES MENS BOXER BRIEF BLK GRY XL 3PK', 'BASIC APPAREL', 'MENS BASIC', '4.40', '7.14'),
('400429', 'HANES MENS CREW WHT MED 3PK', 'BASIC APPAREL', 'MENS BASIC', '5.38', '9.01'),
('400499', 'HANES MENS DYED VNECK SZ XL 2PK', 'BASIC APPAREL', 'MENS BASIC', '8.35', '9.55'),
('400637', 'RE FLEX MENS SEAMLESS BOXER BRIEF BLK', 'BASIC APPAREL', 'MENS BASIC', '3.88', '8.25'),
('400651', 'GILDAN MEN CREW TEE SZ XL 3PK', 'BASIC APPAREL', 'MENS BASIC', '6.60', '11.05'),
('400686', 'GILDAN MENS BOXER BRIEF ASRTD M 2PK', 'BASIC APPAREL', 'MENS BASIC', '4.55', '9.66'),
('400643', 'GILDAN MENS BLK GRY BOXER BRIEF XL 2PK', 'BASIC APPAREL', 'MENS BASIC', '4.82', '9.49'),
('400674', 'GILDAN MENS WHITE TANK L 3PK', 'BASIC APPAREL', 'MENS BASIC', '6.00', '11.39'),
('1200004', 'ORBIT SWEETMINT 3PK', 'FOOD CONVENIENCE', 'CANDY', '3.15', '3.92'),
('1203936', 'HUBBA BUBBA BUBBLE TAPE BL RASP 2OZ 2PK', 'FOOD CONVENIENCE', 'CANDY', '2.08', '2.85'),
('1204035', 'TRIDENT WTRMLN TWIST 18 PC', 'FOOD CONVENIENCE', 'CANDY', '0.72', '1.30'),
('1204060', 'STRIDE GUM SPEARMINT 14 PC', 'FOOD CONVENIENCE', 'CANDY', '1.37', '2.26'),
('1204100', 'LICENSED DISNEY MOLDED POPS 17.62OZ', 'FOOD CONVENIENCE', 'CANDY', '5.60', '9.85'),
('1204111', 'US MINONS POPS 8.14OZ', 'FOOD CONVENIENCE', 'CANDY', '1.59', '2.32'),
('1200420', 'BUTTERFINGER BITES 10 OZ', 'FOOD CONVENIENCE', 'CANDY', '3.30', '4.74'),
('1200424', 'NESTLE ASSORTED CHOCOLATE MINIATURE 11OZ', 'FOOD CONVENIENCE', 'CANDY', '1.98', '2.75'),
('1200553', 'TWIZZLERS BITES KING SIZE 3.5OZ', 'FOOD CONVENIENCE', 'CANDY', '1.38', '2.07'),
('1204242', 'WRIGLEY BUBBLEMNT GUM 14PC', 'FOOD CONVENIENCE', 'CANDY', '1.52', '2.30'),
('1200653', 'PAYASO C LIMON PALETA 1.5OZ', 'FOOD CONVENIENCE', 'CANDY', '0.84', '1.42'),
('1204383', 'HR MUG W MALLOW HEARTS 11 OZ 1.5OZ', 'FOOD CONVENIENCE', 'CANDY', '2.00', '3.86'),
('1204410', 'DISNEY AVENGERS MINI MILK CHOC BAR 6OZ', 'FOOD CONVENIENCE', 'CANDY', '2.11', '3.18'),
('1200655', 'PAYASO C PELON PELCANDY 2OZ', 'FOOD CONVENIENCE', 'CANDY', '0.76', '1.19'),
('1204430', 'BUTTERFINGER CUPS KING SHARE .75OZ 4PK', 'FOOD CONVENIENCE', 'CANDY', '1.30', '2.10'),
('1200659', 'PAYASO OBLEAS CON CAJETA 3OZ', 'FOOD CONVENIENCE', 'CANDY', '1.07', '1.68'),
('1204436', 'DSNY PRNCS HRT TIN W CNDY NCKLACE BRCLET', 'FOOD CONVENIENCE', 'CANDY', '5.10', '9.20'),
('1206454', 'LINDOR CHOC EXCELL INTENSE ORANGE 3.5OZ', 'FOOD CONVENIENCE', 'CANDY', '2.88', '4.15'),
('1200025', 'SNICKERS BITES SHARING SIZE 2.83OZ', 'FOOD CONVENIENCE', 'CANDY', '1.75', '2.55'),
('1203091', 'DUM DUM POPS 10.4 OZ', 'FOOD CONVENIENCE', 'CANDY', '2.33', '3.38'),
('1250032', 'OAK FARM HOME VAN ICE CREAM HG', 'FOOD CONVENIENCE', 'REFRIGERATED', '3.67', '4.24'),
('1250050', 'PET WHOLE MILK GAL.', 'FOOD CONVENIENCE', 'REFRIGERATED', '5.15', '5.64'),
('1250085', 'PET NEAPOLITAN ICE CREAM HG', 'FOOD CONVENIENCE', 'REFRIGERATED', '4.01', '4.50'),
('1250087', 'PET HEAVENLY HASH ICE CREAM HG', 'FOOD CONVENIENCE', 'REFRIGERATED', '6.01', '6.75'),
('1250088', 'PET VANILLA ICE CREAM PT', 'FOOD CONVENIENCE', 'REFRIGERATED', '1.32', '1.91'),
('1250114', 'OAK FARMS BANANA TWIN POPS 6PK', 'FOOD CONVENIENCE', 'REFRIGERATED', '2.81', '3.48'),
('1250121', 'KEMPS NEOPOLITAN HG', 'FOOD CONVENIENCE', 'REFRIGERATED', '2.99', '3.85'),
('1250131', 'KEMPS VANILLA CUPS 12PK', 'FOOD CONVENIENCE', 'REFRIGERATED', '4.00', '5.00'),
('1250171', 'BARBE 1% MILK HG', 'FOOD CONVENIENCE', 'REFRIGERATED', '3.42', '3.74'),
('1250212', 'BROWNS CHOC. MILK PT', 'FOOD CONVENIENCE', 'REFRIGERATED', '1.16', '1.48'),
('1270065', 'PECO CHICKEN BREAST 2LBS', 'FOOD CONVENIENCE', 'REFRIGERATED', '8.00', '8.60'),
('1270068', 'STAR HAM SALAD 12OZ.', 'FOOD CONVENIENCE', 'REFRIGERATED', '2.72', '3.40'),
('1270092', 'STAR MILD SAUSAGE 16OZ.', 'FOOD CONVENIENCE', 'REFRIGERATED', '1.75', '2.21'),
('1270123', 'STAR HOT SAUSAGE 16OZ', 'FOOD CONVENIENCE', 'REFRIGERATED', '1.71', '2.57'),
('1270132', 'JUNIOR JOHNSON VALUE PACK 8OZ', 'FOOD CONVENIENCE', 'REFRIGERATED', '3.82', '5.03'),
('1270148', 'BUTTERBALL BUN SIZE FRANK', 'FOOD CONVENIENCE', 'REFRIGERATED', '2.48', '3.10'),
('1250010', 'OAK FARMS 2% MILK QT', 'FOOD CONVENIENCE', 'REFRIGERATED', '1.14', '1.56'),
('1250014', 'OAK FARMS WHOLE MILK PT', 'FOOD CONVENIENCE', 'REFRIGERATED', '1.09', '1.38'),
('1250029', 'OAK FARMS STRBRY ICE CREAM HG', 'FOOD CONVENIENCE', 'REFRIGERATED', '3.48', '4.01'),
('1250082', 'PET VANILLA ICE CREAM HG', 'FOOD CONVENIENCE', 'REFRIGERATED', '3.54', '3.98'),
('', '', '', '', '', ''),
('1200200', 'NABISCO OREO HDS OR TLS DBL STF 15.25OZ', 'FOOD GROCERY', 'COOKIES/CRACKERS', '3.78', '4.45'),
('1200201', 'NABISCO OREO GOLDEN DBL STUF 15.35OZ', 'FOOD GROCERY', 'COOKIES/CRACKERS', '4.20', '4.47'),
('1200383', 'NABISCO OREO MINT 15.25 OZ', 'FOOD GROCERY', 'COOKIES/CRACKERS', '3.94', '4.20'),
('1204282', 'STAUFFERS ANIMAL CRACKER BARREL ORG 3LB', 'FOOD GROCERY', 'COOKIES/CRACKERS', '6.25', '10.14'),
('1219119', 'NABISCO PRM SALTINE CRACKER 16OZ', 'FOOD GROCERY', 'COOKIES/CRACKERS', '3.77', '4.71'),
('1200623', 'FG COOKIE DUPLEX CREME 25OZ', 'FOOD GROCERY', 'COOKIES/CRACKERS', '1.34', '2.14'),
('1200662', 'GAMESA DELUX ASTRD 15.4OZ', 'FOOD GROCERY', 'COOKIES/CRACKERS', '3.26', '3.32'),
('1200808', 'PAYASO N ESPONJITA COCO 19.75OZ', 'FOOD GROCERY', 'COOKIES/CRACKERS', '6.11', '6.75'),
('1200825', 'FG OATMEAL RAISIN COOKIES 16.22OZ', 'FOOD GROCERY', 'COOKIES/CRACKERS', '2.64', '3.88'),
('1218660', 'PETER PAN CRMY PEANUT BUTTER 16.3OZ', 'FOOD GROCERY', 'GROCERY', '2.00', '3.14'),
('1204585', 'PRINGLES STIX BUTTER 4.9OZ', 'FOOD GROCERY', 'SALTY SNACKS', '3.63', '4.35'),
('1219418', 'PRINGLES MILD JALAPENO 5.96 OZ', 'FOOD GROCERY', 'SALTY SNACKS', '1.66', '1.76'),
('1219427', 'PRINGLES 4 CHEESE 5.96 OZ', 'FOOD GROCERY', 'SALTY SNACKS', '1.71', '1.74'),
('1219884', 'PRINGL SELECT SWEET POTATO 5.5', 'FOOD GROCERY', 'SALTY SNACKS', '2.57', '2.70'),
('1200572', 'PRNGLS NACHO CHS TORTILLA CHPS 5.62OZ', 'FOOD GROCERY', 'SALTY SNACKS', '1.62', '2.06'),
('1206078', 'PLANTERS DRY ROAST SUNFL KRNL 5.85OZ', 'FOOD GROCERY', 'SALTY SNACKS', '1.07', '1.62'),
('1203517', 'PLANTERS PEANUTS SALTED 9.5OZ', 'FOOD GROCERY', 'SALTY SNACKS', '3.33', '4.75'),
('1203530', 'PLANTERS HONEY ROASTED PEANUTS 10OZ', 'FOOD GROCERY', 'SALTY SNACKS', '2.21', '3.15'),
('1200143', 'FG FRUIT CENTER COOKIE LEMON 10OZ', 'FOOD GROCERY', 'COOKIES/CRACKERS', '2.05', '2.94'),
('1200256', 'MRS. FIELDS WHITE CHUNK MACADAMIA 8OZ', 'FOOD GROCERY', 'COOKIES/CRACKERS', '2.27', '3.19'),
('1203212', 'CHIPS AHOY BROWNIE FILLED COOKIES 9.5OZ', 'FOOD GROCERY', 'COOKIES/CRACKERS', '2.48', '2.86'),
('1206558', 'FG SHORTBREAD COOKIES 9 OZ', 'FOOD GROCERY', 'COOKIES/CRACKERS', '1.33', '2.43'),
('1208093', 'NABISCO OREO DOUBLE STUF 15.35OZ', 'FOOD GROCERY', 'COOKIES/CRACKERS', '5.30', '5.79'),
('1201788', 'NABISCO CHIPS AHOY 13 OZ', 'FOOD GROCERY', 'COOKIES/CRACKERS', '4.44', '5.12'),
('1220270', 'FG FUDGE MALLOW 9.5 OZ', 'FOOD GROCERY', 'COOKIES/CRACKERS', '1.80', '2.97'),
('1220290', 'GOLDFISH CHEDDAR 6.6 OZ', 'FOOD GROCERY', 'COOKIES/CRACKERS', '2.95', '3.52'),
('1203567', 'NABISCO OREO CHOCOLATE 15.25OZ', 'FOOD GROCERY', 'COOKIES/CRACKERS', '4.26', '4.65'),
('1202691', 'CHIPS AHOY BIRTHDAY FROSTING 9.5OZ', 'FOOD GROCERY', 'COOKIES/CRACKERS', '4.01', '4.62'),
('1220616', 'PAGASA GRANADINAS 21OZ', 'FOOD GROCERY', 'COOKIES/CRACKERS', '2.08', '2.66');

-- --------------------------------------------------------

--
-- Table structure for table `Promotion`
--

DROP TABLE IF EXISTS `Promotion`;
CREATE TABLE IF NOT EXISTS `Promotion` (
  `PromoCode` int(5) NOT NULL AUTO_INCREMENT,
  `Name` varchar(50) COLLATE latin1_general_ci NOT NULL,
  `Description` varchar(50) COLLATE latin1_general_ci NOT NULL,
  `AmountOff` varchar(10) COLLATE latin1_general_ci NOT NULL,
  `PromoType` enum('Dollar','Percent') COLLATE latin1_general_ci NOT NULL DEFAULT 'Percent',
  PRIMARY KEY (`PromoCode`)
) ENGINE=MyISAM  DEFAULT CHARSET=latin1 COLLATE=latin1_general_ci AUTO_INCREMENT=106 ;

--
-- Dumping data for table `Promotion`
--

INSERT INTO `Promotion` (`PromoCode`, `Name`, `Description`, `AmountOff`, `PromoType`) VALUES
(100, 'Candy Sale $.75 OFF', 'Limit one unit per coupon', '0.75', 'Dollar'),
(101, 'NABISCO Cooke Sale $1 OFF', 'Limit one unit per coupon', '1', 'Dollar'),
(102, 'Peter Pan Peanut Butter Half Off', '50% OFF on all sizes', '0.5', 'Percent'),
(103, 'PRINGLES $.50 OFF', '', '0.5', 'Dollar'),
(104, 'Planters 30% OFF single item', 'only items listed are eligible ', '0.3', 'Percent'),
(105, 'Cookie Sale 25% OFF', 'All Cookies', '0.25', 'Percent');

-- --------------------------------------------------------

--
-- Table structure for table `PromotionItem`
--

DROP TABLE IF EXISTS `PromotionItem`;
CREATE TABLE IF NOT EXISTS `PromotionItem` (
  `ID` int(5) NOT NULL AUTO_INCREMENT,
  `PromoCode` int(5) NOT NULL,
  `ItemNumber` varchar(7) COLLATE latin1_general_ci NOT NULL,
  `SalePrice` varchar(10) COLLATE latin1_general_ci NOT NULL,
  PRIMARY KEY (`ID`)
) ENGINE=MyISAM  DEFAULT CHARSET=latin1 COLLATE=latin1_general_ci AUTO_INCREMENT=54 ;

--
-- Dumping data for table `PromotionItem`
--

INSERT INTO `PromotionItem` (`ID`, `PromoCode`, `ItemNumber`, `SalePrice`) VALUES
(1, 100, '1200004', '3.17'),
(2, 100, '1203936', '2.10'),
(3, 100, '1204035', '0.55'),
(4, 100, '1204060', '1.51'),
(5, 100, '1204100', '9.10'),
(6, 100, '1204111', '1.57'),
(7, 100, '1200420', '3.99'),
(8, 100, '1200424', '1.23'),
(9, 100, '1200553', '1.32'),
(10, 100, '1204242', '1.55'),
(11, 100, '1200653', '0.67'),
(12, 100, '1204383', '3.11'),
(13, 100, '1204410', '2.43'),
(14, 100, '1200655', '0.44'),
(15, 100, '1204430', '1.35'),
(16, 100, '1200659', '0.93'),
(17, 100, '1204436', '8.45'),
(18, 100, '1206454', '3.40'),
(19, 100, '1200025', '1.80'),
(20, 100, '1203091', '2.63'),
(21, 101, '1200200', '3.45'),
(22, 101, '1200201', '3.47'),
(23, 101, '1200383', '3.20'),
(24, 101, '1219119', '3.71'),
(25, 102, '1218660', '1.57'),
(26, 103, '1204585', '3.85'),
(27, 103, '1219418', '1.16'),
(28, 103, '1219427', '1.24'),
(29, 103, '1219884', '2.20'),
(30, 103, '1200572', '1.56'),
(31, 104, '1206078', '1.13'),
(32, 104, '1203517', '3.33'),
(33, 104, '1203530', '2.21'),
(34, 105, '1200143', '2.21'),
(35, 105, '1200200', '3.33'),
(36, 105, '1200201', '3.35'),
(37, 105, '1200383', '3.15'),
(38, 105, '1204282', '7.61'),
(39, 105, '1219119', '3.53'),
(40, 105, '1200623', '1.61'),
(41, 105, '1200662', '2.49'),
(42, 105, '1200808', '5.06'),
(43, 105, '1200825', '2.91'),
(44, 105, '1200256', '2.39'),
(45, 105, '1203212', '2.15'),
(46, 105, '1206558', '1.82'),
(47, 105, '1208093', '4.34'),
(48, 105, '1201788', '3.84'),
(49, 105, '1220270', '2.23'),
(50, 105, '1220290', '2.64'),
(51, 105, '1203567', '3.49'),
(52, 105, '1202691', '3.47'),
(53, 105, '1220616', '2.00');

/*!40101 SET CHARACTER_SET_CLIENT=@OLD_CHARACTER_SET_CLIENT */;
/*!40101 SET CHARACTER_SET_RESULTS=@OLD_CHARACTER_SET_RESULTS */;
/*!40101 SET COLLATION_CONNECTION=@OLD_COLLATION_CONNECTION */;
